type,indicator,app
domain,1ca43.appspot.com,TheTruthSpy
domain,app.fonetracker.com,TheTruthSpy
domain,app.mobiletracking.app,TheTruthSpy
domain,copy9.com,TheTruthSpy
domain,guestspy.com,TheTruthSpy
domain,icloudappe.com,TheTruthSpy
domain,media-sync-a.copy9.com,TheTruthSpy
domain,media-sync-a.exactspy.com,TheTruthSpy
domain,media-sync-a.fonetracker.com,TheTruthSpy
domain,media-sync-a.ispyoo.com,TheTruthSpy
domain,media-sync-a.thetruthspy.com,TheTruthSpy
domain,media-sync-a100.fonetracker.com,TheTruthSpy
domain,media-sync-a100.thetruthspy.com,TheTruthSpy
domain,media-sync-a600.fonetracker.com,TheTruthSpy
domain,media-sync-a621.fonetracker.com,TheTruthSpy
domain,media-sync-a696.fonetracker.com,TheTruthSpy
domain,media-sync-a710.fonetracker.com,TheTruthSpy
domain,media-sync-a740.thetruthspy.com,TheTruthSpy
domain,media-sync-a743.thetruthspy.com,TheTruthSpy
domain,media-sync-a746.thetruthspy.com,TheTruthSpy
domain,media-sync-a747.thetruthspy.com,TheTruthSpy
domain,media-sync-a748.thetruthspy.com,TheTruthSpy
domain,media-sync-a749.thetruthspy.com,TheTruthSpy
domain,media-sync-a780.fonetracker.com,TheTruthSpy
domain,media-sync-a785.fonetracker.com,TheTruthSpy
domain,media-sync-a7xx.thetruthspy.com,TheTruthSpy
domain,media-sync-a810.thetruthspy.com,TheTruthSpy
domain,media-sync-a820.thetruthspy.com,TheTruthSpy
domain,media-sync-a825.thetruthspy.com,TheTruthSpy
domain,media-sync-a830.thetruthspy.com,TheTruthSpy
domain,media-sync-a835.thetruthspy.com,TheTruthSpy
domain,media-sync-a895.thetruthspy.com,TheTruthSpy
domain,media-sync-a8xx.thetruthspy.com,TheTruthSpy
domain,media-sync-a910.thetruthspy.com,TheTruthSpy
domain,media-sync-a915.thetruthspy.com,TheTruthSpy
domain,media-sync-a920.thetruthspy.com,TheTruthSpy
domain,media-sync-a925.thetruthspy.com,TheTruthSpy
domain,media-sync-a930.thetruthspy.com,TheTruthSpy
domain,media-sync-a935.thetruthspy.com,TheTruthSpy
domain,media-sync-a940.thetruthspy.com,TheTruthSpy
domain,media-sync-a941.thetruthspy.com,TheTruthSpy
domain,media-sync-a942.thetruthspy.com,TheTruthSpy
domain,media-sync.systemserviceprovider.com,TheTruthSpy
domain,media.thetruthspy.com,TheTruthSpy
domain,microtracker-1ca43.firebaseio.com,TheTruthSpy
domain,mxspy.com,TheTruthSpy
domain,my.copy9.com,TheTruthSpy
domain,my.ispyoo.com,TheTruthSpy
domain,my.thetruthspy.com,TheTruthSpy
domain,my.thespyapp.com,TheTruthSpy
domain,phonespying.com,TheTruthSpy
domain,phonetracking.net,TheTruthSpy
domain,protocol-a.copy9.com,TheTruthSpy
domain,protocol-a.exactspy.com,TheTruthSpy
domain,protocol-a.fonetracker.com,TheTruthSpy
domain,protocol-a.guestspy.com,TheTruthSpy
domain,protocol-a.ispyoo.com,TheTruthSpy
domain,protocol-a.mxspy.com,TheTruthSpy
domain,protocol-a.thetruthspy.com,TheTruthSpy
domain,protocol-a100.fonetracker.com,TheTruthSpy
domain,protocol-a100.thetruthspy.com,TheTruthSpy
domain,protocol-a5.guestspy.com,TheTruthSpy
domain,protocol-a58.guestspy.com,TheTruthSpy
domain,protocol-a59.guestspy.com,TheTruthSpy
domain,protocol-a6.thetruthspy.com,TheTruthSpy
domain,protocol-a60.guestspy.com,TheTruthSpy
domain,protocol-a600.fonetracker.com,TheTruthSpy
domain,protocol-a610.copy9.com,TheTruthSpy
domain,protocol-a610.thetruthspy.com,TheTruthSpy
domain,protocol-a611.copy9.com,TheTruthSpy
domain,protocol-a611.thetruthspy.com,TheTruthSpy
domain,protocol-a612.copy9.com,TheTruthSpy
domain,protocol-a614.copy9.com,TheTruthSpy
domain,protocol-a615.copy9.com,TheTruthSpy
domain,protocol-a616.copy9.com,TheTruthSpy
domain,protocol-a617.copy9.com,TheTruthSpy
domain,protocol-a618.copy9.com,TheTruthSpy
domain,protocol-a620.copy9.com,TheTruthSpy
domain,protocol-a621.copy9.com,TheTruthSpy
domain,protocol-a65.guestspy.com,TheTruthSpy
domain,protocol-a69.copy9.com,TheTruthSpy
domain,protocol-a696.copy9.com,TheTruthSpy
domain,protocol-a70.guestspy.com,TheTruthSpy
domain,protocol-a710.copy9.com,TheTruthSpy
domain,protocol-a712.fonetracker.com,TheTruthSpy
domain,protocol-a72.thetruthspy.com,TheTruthSpy
domain,protocol-a720.thetruthspy.com,TheTruthSpy
domain,protocol-a721.thetruthspy.com,TheTruthSpy
domain,protocol-a722.thetruthspy.com,TheTruthSpy
domain,protocol-a723.thetruthspy.com,TheTruthSpy
domain,protocol-a724.thetruthspy.com,TheTruthSpy
domain,protocol-a725.thetruthspy.com,TheTruthSpy
domain,protocol-a726.thetruthspy.com,TheTruthSpy
domain,protocol-a727.thetruthspy.com,TheTruthSpy
domain,protocol-a728.thetruthspy.com,TheTruthSpy
domain,protocol-a729.thetruthspy.com,TheTruthSpy
domain,protocol-a730.thetruthspy.com,TheTruthSpy
domain,protocol-a731.thetruthspy.com,TheTruthSpy
domain,protocol-a732.thetruthspy.com,TheTruthSpy
domain,protocol-a733.thetruthspy.com,TheTruthSpy
domain,protocol-a734.thetruthspy.com,TheTruthSpy
domain,protocol-a735.thetruthspy.com,TheTruthSpy
domain,protocol-a736.thetruthspy.com,TheTruthSpy
domain,protocol-a737.thetruthspy.com,TheTruthSpy
domain,protocol-a738.thetruthspy.com,TheTruthSpy
domain,protocol-a739.thetruthspy.com,TheTruthSpy
domain,protocol-a740.thetruthspy.com,TheTruthSpy
domain,protocol-a741.thetruthspy.com,TheTruthSpy
domain,protocol-a742.thetruthspy.com,TheTruthSpy
domain,protocol-a743.thetruthspy.com,TheTruthSpy
domain,protocol-a744.thetruthspy.com,TheTruthSpy
domain,protocol-a745.mxspy.com,TheTruthSpy
domain,protocol-a745.thetruthspy.com,TheTruthSpy
domain,protocol-a746.thetruthspy.com,TheTruthSpy
domain,protocol-a747.thetruthspy.com,TheTruthSpy
domain,protocol-a748.thetruthspy.com,TheTruthSpy
domain,protocol-a749.thetruthspy.com,TheTruthSpy
domain,protocol-a780.copy9.com,TheTruthSpy
domain,protocol-a780.fonetracker.com,TheTruthSpy
domain,protocol-a780.ispyoo.com,TheTruthSpy
domain,protocol-a780.mxspy.com,TheTruthSpy
domain,protocol-a785.copy9.com,TheTruthSpy
domain,protocol-a785.fonetracker.com,TheTruthSpy
domain,protocol-a810.ispyoo.com,TheTruthSpy
domain,protocol-a810.mxspy.com,TheTruthSpy
domain,protocol-a810.thetruthspy.com,TheTruthSpy
domain,protocol-a811.ispyoo.com,TheTruthSpy
domain,protocol-a811.mxspy.com,TheTruthSpy
domain,protocol-a880.ispyoo.com,TheTruthSpy
domain,protocol-a89.ispyoo.com,TheTruthSpy
domain,protocol-a89.mxspy.com,TheTruthSpy
domain,protocol-a910.thetruthspy.com,TheTruthSpy
domain,protocol-a915.thetruthspy.com,TheTruthSpy
domain,protocol-a920.thetruthspy.com,TheTruthSpy
domain,protocol-a925.thetruthspy.com,TheTruthSpy
domain,protocol-a930.thetruthspy.com,TheTruthSpy
domain,protocol-a935.thetruthspy.com,TheTruthSpy
domain,protocol-a940.thetruthspy.com,TheTruthSpy
domain,protocol-a941.thetruthspy.com,TheTruthSpy
domain,protocol-a942.thetruthspy.com,TheTruthSpy
domain,protocol-monitor.thetruthspy.com,TheTruthSpy
domain,protocol-viewer-a.copy9.com,TheTruthSpy
domain,protocol.copy9.com,TheTruthSpy
domain,protocol.guestspy.com,TheTruthSpy
domain,protocol.ispyoo.com,TheTruthSpy
domain,protocol.mxspy.com,TheTruthSpy
domain,protocol.systemserviceprovider.com,TheTruthSpy
domain,protocol.thetruthspy.com,TheTruthSpy
domain,secondclone-2d312.firebaseio.com,TheTruthSpy
domain,setupmail-a.icloudappe.com,TheTruthSpy
domain,setupmail-a720.icloudappe.com,TheTruthSpy
domain,setupmail-a722.icloudappe.com,TheTruthSpy
domain,setupmail-a724.icloudappe.com,TheTruthSpy
domain,setupmail-a725.icloudappe.com,TheTruthSpy
domain,setupmail-a726.icloudappe.com,TheTruthSpy
domain,setupmail-a727.icloudappe.com,TheTruthSpy
domain,setupmail-a729.icloudappe.com,TheTruthSpy
domain,setupmail-a732.icloudappe.com,TheTruthSpy
domain,setupmail-a733.icloudappe.com,TheTruthSpy
domain,setupmail-a734.icloudappe.com,TheTruthSpy
domain,setupmail-a735.icloudappe.com,TheTruthSpy
domain,setupmail-a737.icloudappe.com,TheTruthSpy
domain,setupmail-a738.icloudappe.com,TheTruthSpy
domain,setupmail-a740.icloudappe.com,TheTruthSpy
domain,setupmail-a741.icloudappe.com,TheTruthSpy
domain,setupmail-a742.icloudappe.com,TheTruthSpy
domain,setupmail-a743.icloudappe.com,TheTruthSpy
domain,setupmail-a744.icloudappe.com,TheTruthSpy
domain,setupmail-a745.icloudappe.com,TheTruthSpy
domain,setupmail-a746.icloudappe.com,TheTruthSpy
domain,setupmail-a747.icloudappe.com,TheTruthSpy
domain,setupmail-a748.icloudappe.com,TheTruthSpy
domain,setupmail-a910.icloudappe.com,TheTruthSpy
domain,setupmail-a915.icloudappe.com,TheTruthSpy
domain,setupmail-a920.icloudappe.com,TheTruthSpy
domain,setupmail.icloudappe.com,TheTruthSpy
domain,spyzee.com,TheTruthSpy
domain,sync-a.copy9.com,TheTruthSpy
domain,sync-a.exactspy.com,TheTruthSpy
domain,sync-a.fonetracker.com,TheTruthSpy
domain,sync-a.ispyoo.com,TheTruthSpy
domain,sync-a.mxspy.com,TheTruthSpy
domain,sync-a.thetruthspy.com,TheTruthSpy
domain,sync-a100.fonetracker.com,TheTruthSpy
domain,sync-a600.fonetracker.com,TheTruthSpy
domain,sync-a712.fonetracker.com,TheTruthSpy
domain,sync-a780.mxspy.com,TheTruthSpy
domain,sync-a7xx.thetruthspy.com,TheTruthSpy
domain,sync-a8xx.thetruthspy.com,TheTruthSpy
domain,sync-a925.thetruthspy.com,TheTruthSpy
domain,sync-a930.thetruthspy.com,TheTruthSpy
domain,sync-a935.thetruthspy.com,TheTruthSpy
domain,sync-a940.thetruthspy.com,TheTruthSpy
domain,sync-a941.thetruthspy.com,TheTruthSpy
domain,sync-a942.thetruthspy.com,TheTruthSpy
domain,thetruth-db94a.firebaseio.com,TheTruthSpy
domain,app.xyspy.com,TheTruthSpy
ipv4,69.64.74.239,TheTruthSpy
ipv4,69.64.81.166,TheTruthSpy
ipv4,69.64.81.49,TheTruthSpy
ipv4,69.64.81.98,TheTruthSpy
ipv4,69.64.91.29,TheTruthSpy
domain,1topspy.com,HelloSpy
domain,copy9db.com,HelloSpy
domain,flushdata.1topspy.com,HelloSpy
domain,flushdata.hellospy.com,HelloSpy
domain,flushdata.copy9db.com,HelloSpy
domain,flushdata2.hellospy.com,HelloSpy
domain,flushdata3.hellospy.com,HelloSpy
domain,flushdata4.hellospy.com,HelloSpy
domain,flushdata5.hellospy.com,HelloSpy
domain,flushdbd.maxxspy.com,HelloSpy
domain,hellospy.com,HelloSpy
domain,maxxspy.com,HelloSpy
domain,mobiispy.com,HelloSpy
domain,webservicesdb.mobiispy.com,HelloSpy
domain,phonetracking-dd226.firebaseio.com,SpyAdvice
domain,spyadvice.com,SpyAdvice
domain,download.freespyphone.net,SpyAdvice
domain,apollospy.com,Reptilicus
domain,cabinet.ecohouse-eg.com,Reptilicus
domain,cabinet.gps-monitor.uz,Reptilicus
domain,cabinet.kfnm.ru,Reptilicus
domain,cabinet.vegosm.ru,Reptilicus
domain,cabinet.vkur.se,Reptilicus
domain,cabinet.vkur1.se,Reptilicus
domain,data.reptilicus.net,Reptilicus
domain,e2c64.firebaseio.com,Reptilicus
domain,labrador.ua,Reptilicus
domain,mob.eurotrans.kz,Reptilicus
domain,phonecontrolapp-e2c64.firebaseio.com,Reptilicus
domain,proxy.reptilicus.net,Reptilicus
domain,reptilicus.net,Reptilicus
domain,rp.apollospy.com,Reptilicus
domain,rp.dedrone.com.ua,Reptilicus
domain,rp.labrador.ua,Reptilicus
domain,rp.liquidblue.com.ua,Reptilicus
domain,vkur.se,Reptilicus
domain,vkur1.se,Reptilicus
domain,www.reptilicus.net,Reptilicus
ipv4,176.9.42.16,Reptilicus
domain,mobilenannylogs.com,PhoneSheriff
domain,phonesheriff.com,PhoneSheriff
domain,6287970dd9.era3000.com,OwnSpy
domain,user.ownspy.es,OwnSpy
domain,alog.umeng.com,Cocospy
domain,app-api.spyzie.com,Cocospy
domain,app.api.spyzie.wondershare.cn,Cocospy
domain,appjiagu.com,Cocospy
domain,b.appjiagu.com,Cocospy
domain,c.appjiagu.com,Cocospy
domain,d.appjiagu.com,Cocospy
domain,e.appjiagu.com,Cocospy
domain,f.appjiagu.com,Cocospy
domain,fonemonitor.vip,Cocospy
domain,g.appjiagu.com,Cocospy
domain,data-api.spyzie.com,Cocospy
domain,data.api.spyzie.wondershare.cn,Cocospy
domain,h.appjiagu.com,Cocospy
domain,i.fonemonitor.co,Cocospy
domain,i.minspy.com,Cocospy
domain,i.neatspy.com,Cocospy
domain,i.safespy.com,Cocospy
domain,i.spyic.com,Cocospy
domain,i.spyine.com,Cocospy
domain,i.spyzie.io,Cocospy
domain,i.teensafe.net,Cocospy
domain,mintrack.vip,Cocospy
domain,my.spyzie.com,Cocospy
domain,neatspy.vip,Cocospy
domain,phonedata.me,Cocospy
domain,app-api.phonedata.me,Cocospy
domain,data-api.phonedata.me,Cocospy
domain,spyzie-a.firebaseio.com,Cocospy
domain,mg-spyzie.oss-us-west-1.aliyuncs.com,Cocospy
domain,s.appjiagu.com,Cocospy
domain,safespy.vip,Cocospy
domain,sp.kuuvv.com,Cocospy
domain,kuuvv.com,Cocospy
domain,spyzie.com,Cocospy
domain,trackier.vip,Cocospy
domain,trackine.vip,Cocospy
domain,trackpro.vip,Cocospy
domain,viptrack.pro,Cocospy
domain,www.spyzie.com,Cocospy
domain,android.viptrack.ro,VIPTrack
domain,97.logger.mobi,EasyLogger
domain,account.logger.mobi,EasyLogger
domain,account.childsafetytrackerapp.com,EasyLogger
domain,api.childsafetytrackerapp.com,EasyLogger
domain,api.seniorsafetyapp.com,EasyLogger
domain,beta-api.logger.mobi,EasyLogger
domain,beta.logger.mobi,EasyLogger
domain,easyloggerbeta.azurewebsites.net,EasyLogger
domain,elcore-api.azurewebsites.net,EasyLogger
domain,inv.logger.mobi,EasyLogger
domain,pro.logger.mobi,EasyLogger
domain,ps97mailer.logger.mobi,EasyLogger
domain,pulsesolutions-net-easy-logger.firebaseio.com,EasyLogger
domain,sandbox97.childsafetytrackerapp.com,EasyLogger
domain,sandbox97.logger.mobi,EasyLogger
domain,sandbox97.seniorsafetyapp.com,EasyLogger
domain,senior-safety-189010.firebaseio.com,EasyLogger
domain,servicesloggermobi.azurewebsites.net,EasyLogger
domain,waws-prod-blu-247-e7b3.eastus.cloudapp.azure.com,EasyLogger
domain,waws-prod-blu-247.sip.azurewebsites.windows.net,EasyLogger
ipv4,172.67.81.216,EasyLogger
ipv4,104.25.28.15,EasyLogger
ipv4,104.25.29.15,EasyLogger
domain,a.hw.cab,Hoverwatch
domain,a.hwa.cab,Hoverwatch
domain,account.refog.com,Hoverwatch
domain,dev.hoverwatch.com,Hoverwatch
domain,dev2.refog.com,Hoverwatch
domain,downloads.refog.com,Hoverwatch
domain,hover.watch,Hoverwatch
domain,hoverwatch.com,Hoverwatch
domain,hwa.cab,Hoverwatch
domain,hwm.cab,Hoverwatch
domain,hws.icu,Hoverwatch
domain,hww.cab,Hoverwatch
domain,i.hoverwatch.com,Hoverwatch
domain,i1.hoverwatch.com,Hoverwatch
domain,office.hw.cab,Hoverwatch
domain,rec.hw.cab,Hoverwatch
domain,test.refog.com,Hoverwatch
ipv4,104.236.73.120,Hoverwatch
ipv4,149.56.26.44,Hoverwatch
ipv4,158.69.24.236,Hoverwatch
ipv4,188.130.241.205,Hoverwatch
ipv4,198.100.150.203,Hoverwatch
domain,letmespy.com,LetMeSpy
domain,remotecommands.com,LetMeSpy
domain,zdalnakontrola.pl,LetMeSpy
ipv4,91.196.212.202,LetMeSpy
ipv4,91.196.212.201,LetMeSpy
domain,api.snoopza.com,Snoopza
domain,app.snoopza.com,Snoopza
domain,app2.snoopza.com,Snoopza
domain,dev.snoopza.com,Snoopza
domain,flower.snoopza.com,Snoopza
domain,get.snoopza.com,Snoopza
domain,my.snoopza.com,Snoopza
domain,my2.snoopza.com,Snoopza
domain,snoopza.com,Snoopza
domain,viewer.snoopza.com,Snoopza
ipv4,178.62.59.165,Snoopza
ipv4,217.182.250.165,Snoopza
ipv4,46.105.57.148,Snoopza
domain,cell-tracker-green.firebaseio.com,TrackMyPhones
domain,cell-tracker-updated.firebaseio.com,TrackMyPhones
domain,key-logger-90fff.firebaseio.com,TrackMyPhones
domain,message-tracker-98822.firebaseio.com,TrackMyPhones
domain,smsandcalltracker.firebaseio.com,TrackMyPhones
domain,spyaudiorecorder.firebaseio.com,TrackMyPhones
domain,trackmyphones-pro.firebaseio.com,TrackMyPhones
domain,trackmyphones.com,TrackMyPhones
domain,video-recorder-c0419.firebaseio.com,TrackMyPhones
domain,www.trackmyphones.com,TrackMyPhones
domain,admin.flexispy.com,FlexiSpy
domain,api.flexispy.com,FlexiSpy
domain,client.mobilefonex.com,FlexiSpy
domain,djp.bz,FlexiSpy
domain,dmw.bz,FlexiSpy
domain,dmw.cc,FlexiSpy
domain,ecom.flexispy.com,FlexiSpy
domain,mflx.biz,FlexiSpy
domain,portal.flexispy.com,FlexiSpy
domain,push.mobilefonex.com,FlexiSpy
domain,test-client.mobilefonex.com,FlexiSpy
domain,trkps.com,FlexiSpy
ipv4,119.8.35.235,FlexiSpy
domain,api-project-999803017449.firebaseio.com,Cerberus
domain,cerberusapp.com,Cerberus
domain,a-qa3.thd.cc,mSpy
domain,a.thd.cc,mSpy
domain,alter757.info,mSpy
domain,api.thd.cc,mSpy
domain,apiv4.alter757.info,mSpy
domain,b55y.net,mSpy
domain,bi.thd.cc,mSpy
domain,cp.mspyonline.com,mSpy
domain,eyezyapp.thd.cc,mSpy
domain,getmspy.net,mSpy
domain,hz-service.thd.cc,mSpy
domain,hz7.thd.cc,mSpy
domain,jailbreak-gateway.thd.cc,mSpy
domain,kypler.com,mSpy
domain,mcloud-api.thd.cc,mSpy
domain,mi.thd.cc,mSpy
domain,mlite-app.thd.cc,mSpy
domain,mlite-socket.thd.cc,mSpy
domain,mliteapp.alter757.info,mSpy
domain,mspy.alter757.info,mSpy
domain,mspyonline.com,mSpy
domain,mspytrackercom.alter757.info,mSpy
domain,my.mspyonline.com,mSpy
domain,update-service-7e59f.firebaseio.com,mSpy
domain,pipe.thd.cc,mSpy
domain,project-323448153542050953.firebaseio.com,mSpy
domain,q12z.net,mSpy
domain,repo.mspyonline.com,mSpy
domain,s3.thd.cc,mSpy
domain,thd.cc,mSpy
domain,tracking.mliteapp.com,mSpy
domain,tracking.mspyonline.com,mSpy
domain,www.mspyonline.com,mSpy
domain,www.mspy.com,mSpy
domain,client.spyhide.com,SpyHide
domain,spyhide.com,SpyHide
domain,account.cellphone-remote-tracker.com,SpyHide
domain,cellphone-remote-tracker.com,SpyHide
domain,www.spyhide.com,SpyHide
domain,spyhide.ir,SpyHide
domain,www.spyhide.ir,SpyHide
domain,client.spyhide.ir,SpyHide
domain,virsis.net,SpyHide
ipv4,78.47.16.3,SpyHide
domain,servidor.in,MeuSpy
domain,n.servidor.in,MeuSpy
domain,l.servidor.in,MeuSpy
domain,s.servidor.in,MeuSpy
domain,api.free-spy.com,AppSpy
domain,app.appspy.net,AppSpy
domain,appspy-net.firebaseio.com,AppSpy
domain,appspy.net,AppSpy
domain,freemobilespy.net,AppSpy
ipv4,167.114.114.207,AppSpy
domain,api1.easydoc.info,MobileTrackerFree
domain,api3.easydoc.info,MobileTrackerFree
domain,apk.mtf.re,MobileTrackerFree
domain,celltrackernew.firebaseio.com,MobileTrackerFree
domain,d-app-apk.com,MobileTrackerFree
domain,d.d-app-apk.com,MobileTrackerFree
domain,easydoc.info,MobileTrackerFree
domain,loverman.net,MobileTrackerFree
domain,mobile-tracker-data.com,MobileTrackerFree
domain,mtf.re,MobileTrackerFree
domain,myappmobile-537f7.firebaseio.com,MobileTrackerFree
domain,n6sm2m.celltracker.io,MobileTrackerFree
domain,olurdaolurdediler.shop,MobileTrackerFree
domain,sapient-flight-837.firebaseio.com,MobileTrackerFree
domain,reports.crashlytics.com,MobileTrackerFree
domain,mobile-tracker-free.com,MobileTrackerFree
ipv4,51.15.183.209,MobileTrackerFree
domain,83dd4.appspot.com,iKeyMonitor
domain,awsapi.io,iKeyMonitor
domain,em.awsapi.io,iKeyMonitor
domain,ikm.awsapi.io,iKeyMonitor
domain,emcpanel.com,iKeyMonitor
domain,users.easemon.com,iKeyMonitor
domain,ikeymonitor.com,iKeyMonitor
domain,ikeymonitor.fr,iKeyMonitor
domain,users.awosoft.com,iKeyMonitor
ipv4,172.67.82.183,iKeyMonitor
ipv4,104.25.170.109,iKeyMonitor
ipv4,104.25.169.109,iKeyMonitor
ipv4,104.26.15.56,iKeyMonitor
ipv4,172.67.73.2,iKeyMonitor
ipv4,104.26.14.56,iKeyMonitor
ipv4,172.67.194.85,iKeyMonitor
ipv4,104.18.54.129,iKeyMonitor
ipv4,104.18.55.129,iKeyMonitor
domain,panspy.me,PanSpy
domain,panspy.com,PanSpy
domain,ali.panspy.com,PanSpy
domain,c1.panspy.com,PanSpy
domain,d1.panspy.com,PanSpy
domain,s1.panspy.com,PanSpy
domain,u1.panspy.com,PanSpy
domain,panspy-1.oss-us-west-1.aliyuncs.com,PanSpy
domain,androidlost.appspot.com,AndroidLost
domain,androidlost.firebaseio.com,AndroidLost
domain,androidlost.com,AndroidLost
domain,www.androidlost.com,AndroidLost
domain,test.androidlost.com,AndroidLost
domain,new.androidlost.com,AndroidLost
domain,foreverspy.com,Metasploit
domain,app.foreverspy.com,Metasploit
domain,spy24.net,Spy24
domain,panel.spy24.net,Spy24
domain,panel24.org,Spy24
domain,android.spy24.app,Spy24
ipv4,138.201.32.118,Spy24
domain,catwatchful.com,CatWatchful
domain,catwatchful-e03b8.firebaseio.com,CatWatchful
domain,catwatchful-e03b8-2.firebaseio.com,CatWatchful
domain,us-central1-catwatchful-e03b8.cloudfunctions.net,CatWatchful
ipv4,45.114.224.147,CatWatchful
ipv4,162.144.75.253,CatWatchful
domain,a71f4.firebaseio.com,HighsterMobile
domain,ac480.firebaseio.com,HighsterMobile
domain,auto-forward.com,HighsterMobile
domain,autoforward-8433d.firebaseio.com,HighsterMobile
domain,cellphoneservices.info,HighsterMobile
domain,ddiutilities.com,HighsterMobile
domain,device-ac480.appspot.com,HighsterMobile
domain,device-ac480.firebaseio.com,HighsterMobile
domain,evt17.com,HighsterMobile
domain,ngc77.com,HighsterMobile
domain,phonespector-b2f13.firebaseio.com,HighsterMobile
domain,phonespector.com,HighsterMobile
domain,imonitor-da8b2.firebaseio.com,iMonitorSpy
domain,imonitorke.com,iMonitorSpy
domain,www.imonitorsoft.cn,iMonitorSpy
domain,www.imonitorsoft.com,iMonitorSpy
domain,imonitorsoft.cn,iMonitorSpy
domain,imonitorsoft.com,iMonitorSpy
domain,6kvses.com,MobileTool
domain,bincdi.6kvses.com,MobileTool
domain,bincdi.birxpk.com,MobileTool
domain,birxpk.com,MobileTool
domain,dz7.wethnc067.xyz,MobileTool
domain,hzdy.birxpk.com,MobileTool
domain,ixhtb.s9gxw8.com,MobileTool
domain,kvshdi.birxpk.com,MobileTool
domain,mobiletool.ru,MobileTool
domain,mrswd.wo87sf.com,MobileTool
domain,mtoolapp.net,MobileTool
domain,mtoolapp.biz,MobileTool
domain,my.mobiletool.ru,MobileTool
domain,my.mtoolapp.net,MobileTool
domain,mzpgfh.uhabq9.com,MobileTool
domain,noujx.s9gxw8.com,MobileTool
domain,s9gxw8.com,MobileTool
domain,support.mtoolapp.biz,MobileTool
domain,ug1c5v.birxpk.com,MobileTool
domain,wethnc067.xyz,MobileTool
domain,www.mtoolapp.net,MobileTool
domain,xmyevq.birxpk.com,MobileTool
domain,downloads.shadow-spy.com,ShadowSpy
domain,runaki-support.appspot.com,ShadowSpy
domain,shadow-logs.com,ShadowSpy
domain,shadow-spy.com,ShadowSpy
domain,shadowappbundle-default-rtdb.firebaseio.com,ShadowSpy
domain,shadowlogspanel.firebaseio.com,ShadowSpy
domain,www.shadow-logs.com,ShadowSpy
domain,apispyhuman.com,SpyHuman
domain,aps22.spyhuman.com,SpyHuman
domain,aps12.spyhuman.com,SpyHuman
domain,aps13.spyhuman.com,SpyHuman
domain,aps14.spyhuman.com,SpyHuman
domain,aps15.spyhuman.com,SpyHuman
domain,aps16.spyhuman.com,SpyHuman
domain,aps17.spyhuman.com,SpyHuman
domain,aps16042016.spyhuman.com,SpyHuman
domain,aps18data.securebackuponline.net,SpyHuman
domain,aps18file.securebackuponline.net,SpyHuman
domain,aps2.spyhuman.com,SpyHuman
domain,nodejs.spyhuman.com,SpyHuman
domain,securebackuponline.net,SpyHuman
domain,sp18022019.firebaseio.com,SpyHuman
domain,spyhuman-97943.firebaseio.com,SpyHuman
domain,spyhuman.com,SpyHuman
ipv4,213.239.228.196,SpyHuman
domain,us.umobix.com,uMobix
domain,lb.theonespy.com,TheOneSpy
domain,im.theonespy.com,TheOneSpy
domain,node-api.theonespy.com,TheOneSpy
domain,node1.theonespy.com,TheOneSpy
domain,node2.theonespy.com,TheOneSpy
domain,node3.theonespy.com,TheOneSpy
domain,node4.theonespy.com,TheOneSpy
domain,node5.theonespy.com,TheOneSpy
ipv4,85.13.218.229,TheOneSpy
ipv4,85.13.206.195,TheOneSpy
domain,api.clevguard.com,ClevGuard
domain,kidsguard-6c6a9.firebaseio.com,ClevGuard
domain,clevguard.net,ClevGuard
ipv4,47.88.63.70,ClevGuard
domain,cell-phones-tracker.net,EasyPhoneTrack
domain,celltracker.mobi,EasyPhoneTrack
domain,easyphonetrack.com,EasyPhoneTrack
domain,phonetrack.com,EasyPhoneTrack
domain,spy-datacenter.com,EasyPhoneTrack
domain,studio11-7e288.firebaseio.com,EasyPhoneTrack
domain,trackmy.mobi,EasyPhoneTrack
domain,www.spy-datacenter.com,EasyPhoneTrack
ipv4,50.28.38.175,EasyPhoneTrack
domain,bark-android-media.s3.amazonaws.com,bark
domain,www.bark.us,bark
domain,s1.spylive360.com,SpyLive360
domain,s2.spylive360.com,SpyLive360
domain,s3.spylive360.com,SpyLive360
domain,spylive360.com,SpyLive360
domain,sl360-7ba65.firebaseio.com,SpyLive360
domain,xnspy.com,XNSpy
domain,sync.xiz4me.com,XNSpy
domain,alert.xiz4me.com,XNSpy
domain,www.mydwnd.com,XNSpy
domain,mydwnd.com,XNSpy
domain,brilliant-flame-585.firebaseio.com,XNSpy
domain,true-truck-86810.firebaseio.com,XNSpy
domain,sync.bk128.com,XNSpy
domain,asset.bk128.com,XNSpy
domain,alert.bk128.com,XNSpy
domain,bk128.com,XNSpy
domain,dwn.vys.me,MobiStealth
domain,www.vys.me,MobiStealth
domain,vys.me,MobiStealth
ipv4,5.79.71.114,MobiStealth
domain,my.mobispy.net,MobiSpy
domain,i6.clientreport.info,NeoSpy
domain,i7.clientreport.info,NeoSpy
domain,i8.clientreport.info,NeoSpy
domain,i9.clientreport.info,NeoSpy
domain,i10.clientreport.info,NeoSpy
domain,i11.clientreport.info,NeoSpy
domain,i12.clientreport.info,NeoSpy
domain,i13.clientreport.info,NeoSpy
domain,clientreport.info,NeoSpy
domain,4-dot-all-tracker.appspot.com,AllTracker
domain,6-dot-all-tracker.appspot.com,AllTracker
domain,all-tracker.appspot.com,AllTracker
domain,all-tracker.firebaseio.com,AllTracker
domain,alltracker.org,AllTracker
domain,staging-all-tracker.appspot.com,AllTracker
domain,www.spy-phone-app.com,SpyPhoneApp
domain,www.spappmonitoring.com,SpyPhoneApp
domain,server.androidmonitor.com,AndroidMonitor
domain,installam.com,AndroidMonitor
ipv4,178.33.203.110,AndroidMonitor
domain,talklog.tools,TalkLog
domain,tchsrvce.com,TalkLog
ipv4,78.46.34.14,TalkLog
domain,senseye.spymasterpro.com,SpyMasterPro
domain,imobispy.com,SpyMasterPro
domain,spymaster-e535b.firebaseio.com,SpyMasterPro
ipv4,91.121.70.22,SpyMasterPro
domain,server.freeandroidspy.com,FreeAndroidSpy
domain,spysetup.com,FreeAndroidSpy
ipv4,46.40.125.240,FreeAndroidSpy
ipv4,199.38.181.70,FreeAndroidSpy
domain,netspy-7b8ec.firebaseio.com,NetSpy
domain,i.spyier.com,Spyier
domain,v4vw4ytvo4.execute-api.us-east-2.amazonaws.com,Spyier
domain,api.bytepioner.com,CouplerTracker
domain,asgard-f8c53.firebaseio.com,GPSTrackerLoki
domain,m.asgardtech.ru,GPSTrackerLoki
domain,spyapp.top,Xnore
domain,xnore.com,Xnore
ipv4,162.144.212.52,Xnore
domain,aovivo.foxspy.com.br,EspiaoAndroid
domain,pc.foxspy.com.br,EspiaoAndroid
domain,celular007.s3.amazonaws.com,EspiaoAndroid
domain,pctattletalev2.s3.amazonaws.com,pcTattletale
domain,pctattletale.com,pcTattletale
ipv4,67.227.193.142,pcTattletale
domain,send.onespy.com,OneMonitar
domain,spylogs.com,SpyEra
domain,app.antifurtodroid.com,AntiFurtoDroid
domain,beta.smstracker.com,CallSMSTracker
domain,messages01.smstracker.com,CallSMSTracker
domain,messages02.smstracker.com,CallSMSTracker
domain,staging.smstracker.com,CallSMSTracker
ipv4,45.40.135.228,CallSMSTracker
domain,ioi.life,AiSpyer
domain,api.corn-cob.com,AiSpyer
domain,corn-cob.com,AiSpyer
domain,d.corn-cob.com,AiSpyer
domain,tracksp.in,AiSpyer
domain,my.aispyer.com,AiSpyer
domain,tracksp-7743c.firebaseio.com,AiSpyer
domain,www.ioi.life,AiSpyer
domain,android.spytoapp.com,SpyToApp
domain,apk01.spytoapp.com,SpyToApp
domain,apk02.spytoapp.com,SpyToApp
domain,apk03.spytoapp.com,SpyToApp
domain,apk04.spytoapp.com,SpyToApp
domain,downapk.spytoapp.com,SpyToApp
domain,services.spytoapp.com,SpyToApp
domain,spyapp-8916f.firebaseio.com,BlurSpy
domain,blurspy.com,BlurSpy
domain,8916f.appspot.com,BlurSpy
domain,tr.appmia.com,AppMia
domain,mycloud1.wisemo.com,WiseMo
domain,mycloud.wisemo.com,WiseMo
domain,mtracker.fortess.net,WiseMo
domain,mycloud-cs10.wisemo.com,WiseMo
domain,mycloud-cs17.wisemo.com,WiseMo
domain,mycloud-cs17a.wisemo.com,WiseMo
domain,mycloud-cs5a.wisemo.com,WiseMo
domain,mycloud-cs9.wisemo.com,WiseMo
domain,a342f.appspot.com,Unisafe
domain,unisafe-a342f.firebaseio.com,Unisafe
domain,usafe-ca594.firebaseio.com,Unisafe
domain,usafe.ru,Unisafe
domain,analytics.trackview.net,TrackView
domain,api-project-285519687053.firebaseio.com,TrackView
domain,api.lifecircle.app,TrackView
domain,api.trackview.lifecircle.app,TrackView
domain,cnapi.trackview.net,TrackView
domain,lifecircle-223805.firebaseio.com,TrackView
domain,m.lifecircle.app,TrackView
domain,rc-api.lifecircle.app,TrackView
domain,trackview.net,TrackView
domain,us-central1-api-project-285519687053.cloudfunctions.net,TrackView
domain,user.trackview.net,TrackView
domain,user2.trackview.net,TrackView
domain,relay1.trackview.net,TrackView
domain,trackingsmartphone.com,TrackingSmartphone
domain,onlinefundb.com,TrackingSmartphone
domain,tracking-smartphone.firebaseio.com,TrackingSmartphone
domain,phonetracker.com,SpyphoneMobileTracker
domain,phonetracker95gpsonly.firebaseio.com,SpyphoneMobileTracker
domain,api.wondershare.cc,FamiSafe
domain,app-api-pro.wondershare.cc,FamiSafe
domain,dc.wondershare.cc,FamiSafe
domain,data-api.famisafe.com,FamiSafe
domain,famisafe-b6807.firebaseio.com,FamiSafe
domain,sparrow.wondershare.com,FamiSafe
domain,locatorprivacy.com,OneLocator
domain,ua.evaspy.com,EvaSpy
domain,ub.evaspy.com,EvaSpy
domain,uc.evaspy.com,EvaSpy
domain,ud.evaspy.com,EvaSpy
domain,ue.evaspy.com,EvaSpy
domain,uf.evaspy.com,EvaSpy
domain,ug.evaspy.com,EvaSpy
domain,uh.evaspy.com,EvaSpy
domain,ui.evaspy.com,EvaSpy
domain,uj.evaspy.com,EvaSpy
domain,uk.evaspy.com,EvaSpy
domain,ul.evaspy.com,EvaSpy
domain,um.evaspy.com,EvaSpy
domain,un.evaspy.com,EvaSpy
domain,uo.evaspy.com,EvaSpy
domain,up.evaspy.com,EvaSpy
domain,uq.evaspy.com,EvaSpy
domain,ur.evaspy.com,EvaSpy
domain,realtime-spy-mobile.com,RealtimeSpy
ipv4,184.154.69.210,RealtimeSpy
domain,kaspersky-safe-kids.firebaseio.com,KasperskySafeKids
domain,api.kid-control.com,KidsControl
domain,beta.kid-control.com,KidsControl
domain,ios.kid-control.com,KidsControl
domain,go.kid-control.com,KidsControl
domain,go2.kid-control.com,KidsControl
domain,gpsme1.kid-control.com,KidsControl
domain,s.kid-control.com,KidsControl
domain,s4.kid-control.com,KidsControl
domain,s5.kid-control.com,KidsControl
domain,s6.kid-control.com,KidsControl
domain,s7.kid-control.com,KidsControl
domain,s8.kid-control.com,KidsControl
domain,s9.kid-control.com,KidsControl
domain,s10.kid-control.com,KidsControl
domain,r.findmychilds.org,FindMyKids
domain,wss.findmychilds.org,FindMyKids
domain,where-is-my-children.firebaseio.com,FindMyKids
domain,api.ttspy.com,jjspy
domain,cloud.ttspy.com,jjspy
domain,jjspy.com,jjspy
domain,my.jjspy.com,jjspy
domain,phone-backup-service.firebaseio.com,jjspy
domain,rtc.ttspy.com,jjspy
domain,ttjj.ga,jjspy
domain,ttspy.com,jjspy
domain,ws.ttspy.com,jjspy
domain,www.ttjj.tk,jjspy
domain,upload.weiguanai.cn,jjspy
domain,service.weiguanai.cn,jjspy
domain,service.n.weiguanai.cn,jjspy
domain,wx.weiguanai.cn,jjspy
domain,a-spy.com,AndroidSpy
domain,amon.android-monitor.ru,AndroidPolice
domain,amon1.android-monitor.ru,AndroidPolice
domain,andmon.name,AndroidPolice
domain,android-apk.android-monitor.ru,AndroidPolice
domain,android-monitor1.android-monitor.ru,AndroidPolice
domain,android-police.android-monitor.ru,AndroidPolice
domain,android-police.ru,AndroidPolice
domain,anmon.android-monitor.ru,AndroidPolice
domain,anmon.name,AndroidPolice
domain,anmon.ru,AndroidPolice
domain,anmon.su,AndroidPolice
domain,anmon1.android-monitor.ru,AndroidPolice
domain,droimon20.ru,AndroidPolice
domain,monitor-android.android-monitor.ru,AndroidPolice
domain,prog-money.android-monitor.ru,AndroidPolice
domain,prog-money.com,AndroidPolice
domain,www.android-monitor.ru,AndroidPolice
domain,android-monitor.ru,AndroidPolice
domain,find-my-phone-prod.herokuapp.com,FindMyPhone
domain,findmyphone.mangobird.com,FindMyPhone
domain,c-phone.ru,Bulgok
domain,control-phone-a05a3.firebaseio.com,Bulgok
domain,q95294fs.beget.tech,Bulgok
domain,apk7.biz,Tracku
domain,clues.link,Tracku
domain,clues4.com,Tracku
domain,cluestr.com,Tracku
domain,e-spy.app,Tracku
domain,e-spy.org,Tracku
domain,izapk.xyz,Tracku
domain,izspy-1313.firebaseio.com,Tracku
domain,msafe.xyz,Tracku
domain,www.apk7.biz,Tracku
domain,www.e-spy.org,Tracku
domain,www.msafe.xyz,Tracku
domain,pc.viptelefonprogrami.com,KidsShield
domain,viptelefonprogrami.com,KidsShield
domain,apprtc.appspot.com,KidsShield
domain,quanly24h.net,KidsShield
domain,login.quanly24h.net,KidsShield
domain,theodoi24h.com,KidsShield
domain,pc.backupsoft.eu,KidsShield
domain,kidsshield.net,KidsShield
domain,tispy.net,KidsShield
domain,ua.tispy.net,KidsShield
domain,pc.selfspy.com,KidsShield
domain,d.tispy.net,KidsShield
domain,pc.freespyapp.com,KidsShield
domain,freespyapp.com,KidsShield
domain,spyt.co,KidsShield
domain,spytrac-app1.s3.amazonaws.com,KidsShield
ipv4,52.22.130.9,KidsShield
domain,nemospy.com,NemoSpy
domain,setup.nemospy.com,NemoSpy
domain,pc.spykontrol.com,SpyKontrol
domain,androidapk.biz,SpyKontrol
domain,12d60.appspot.com,Trackplus
domain,12d60.firebaseio.com,Trackplus
domain,13-5.org,Trackplus
domain,13-5.ru,Trackplus
domain,89685.firebaseio.com,Trackplus
domain,account.trackerplus.ru,Trackplus
domain,and.info-taxi.info,Trackplus
domain,best-spy-apps.com,Trackplus
domain,edlnc255s2q.s3.amazonaws.com,Trackplus
domain,ftp.info-taxi.info,Trackplus
domain,info-taxi.info,Trackplus
domain,kokum.ru,Trackplus
domain,pi.info-taxi.info,Trackplus
domain,sap4mobile-89685.firebaseio.com,Trackplus
domain,sap4mobile.com,Trackplus
domain,smartback-12d60.appspot.com,Trackplus
domain,smartback-12d60.firebaseio.com,Trackplus
domain,spy2mobile-bb441.firebaseio.com,Trackplus
domain,spy2mobile.com,Trackplus
domain,spytomobile.com,Trackplus
domain,tagdps.ru,Trackplus
domain,tfk7r22klf8vtd8g90jq8qno1tpqhmpe.apps.googleusercontent.com,Trackplus
ipv4,185.87.51.116,Trackplus
ipv4,139.59.125.208,Trackplus
domain,api.mobilespy.at,MobileSpy
ipv4,37.120.162.163,MobileSpy
domain,api.awarenesstechnologies.com,WebWatcher
domain,apitest.awarenesstechnologies.com,WebWatcher
domain,data-webwatcherdata-alb-1451089636.us-west-2.elb.amazonaws.com,WebWatcher
domain,data.qa.webwatcherdata.com,WebWatcher
domain,data.webwatcherdata.com,WebWatcher
domain,download.webwatcherdata.com,WebWatcher
domain,login.webwatcher.com,WebWatcher
domain,rcomlogin.com,WebWatcher
domain,screentimelabs.appspot.com,WebWatcher
domain,webwatcher-child-app.firebaseio.com,WebWatcher
domain,webwatcherdata.com,WebWatcher
domain,www.webwatchernow.com,WebWatcher
domain,webwatchernow.com,WebWatcher
domain,my.nexspy.com,NexSpy
domain,api.mobilebackup.biz,NexSpy
domain,topzaloha.cz,NexSpy
domain,api.mycellspy.com,MyCellSpy
ipv4,47.252.23.40,MyCellSpy
domain,api.spylix.com,Spylix
domain,apidemo.spylix.com,Spylix
domain,d2nipadu1fr4ne.cloudfront.net,Spylix
domain,getspylix.io,Spylix
domain,my.spylix.com,Spylix
ipv4,52.90.126.68,Spylix
domain,x1panel.com,MonitorUltra
domain,xpcpanel.com,MonitorUltra
domain,monitor-ultra.com,MonitorUltra
ipv4,185.2.103.130,MonitorUltra
ipv4,80.241.216.14,MonitorUltra
domain,sentrypc.net,SentryPC
domain,spc-runtimes.s3.amazonaws.com,SentryPC
domain,www.sentrypconline.com,SentryPC
domain,www.sentrypc.net,SentryPC
domain,www.spclogs.com,SentryPC
domain,www.sentrypc.download,SentryPC
ipv4,108.178.9.124,SentryPC
domain,cp.thewispy.com,TheWiSpy
ipv4,167.71.189.163,TheWiSpy
domain,observer.back4app.io,Observer
domain,d1gslyvqtipqvi.cloudfront.net,Mrecorder
domain,d24lo6rmha82nf.cloudfront.net,Mrecorder
domain,d3g4zswpacwtfb.cloudfront.net,Mrecorder
domain,data240.mrec24.com,Mrecorder
domain,data241.mrec24.com,Mrecorder
domain,disp2.mrec24.com,Mrecorder
domain,dispatcher.mrecorder.com,Mrecorder
domain,mobi22.com,Mrecorder
domain,mobilerecorder-1277.firebaseio.com,Mrecorder
domain,mrec24.com,Mrecorder
domain,my.mrec24.com,Mrecorder
domain,package.mrec24.com,Mrecorder
domain,package2.mrec24.com,Mrecorder
domain,project-7991479181228723357.firebaseio.com,Mrecorder
ipv4,103.147.225.210,PhoneSpy
ipv4,175.126.146.147,PhoneSpy
domain,accountable2you.com,Accountable2you
domain,webservice.accountable2you.com,Accountable2you
domain,accountable2you-android.firebaseio.com,Accountable2you
domain,api.accountable2you.com,Accountable2you
domain,www.shadyspy.com,ShadySpy
ipv4,45.79.149.154,ShadySpy
domain,absolutesoftsystem.in,AbsoluTrack
domain,ass.absolutesoftsystem.in,AbsoluTrack
domain,thiefguardbd.com,AbsoluTrack
domain,antitheft-88554.firebaseio.com,AbsoluTrack
domain,remotesecurity-629f2.firebaseio.com,AbsoluTrack
domain,test.onetouchsecurities.com,AbsoluTrack
domain,remotesecurityots.firebaseio.com,AbsoluTrack
domain,awamisolution.com,SmartKeylogger
